,16,24,BP,CC,EM,GP,MT,PL
16,7.75,24.15,100.0,83.9,65.65,47.7,79.0,172.3
24,25.85,7.4,83.5,144.55,83.55,44.15,110.15,261.5
BP,85.75,82.65,7.6,184.0,121.35,14.3,159.6,412.6
CC,74.7,115.05,188.05,10.85,37.0,72.15,25.15,26.5
EM,64.3,98.5,149.35,35.6,9.95,62.25,6.9,33.45
GP,43.95,44.75,15.75,72.05,58.85,4.35,95.45,168.5
MT,86.05,136.55,266.6,30.3,8.05,112.65,10.1,16.9
PL,153.45,230.15,345.95,32.6,44.55,153.3,13.4,17.2
Sum,541.8,739.2,1156.8,593.85,428.94999999999993,510.8500000000001,499.75,1108.95
